Customer Objection,Salesperson Response
"""I don't have the budget for this.""","""I understand. Would it help if we could break the payment into more manageable installments?"""
"""I'm not interested right now.""","""I completely understand. When would be a better time for us to revisit this?"""
"""Your competitor offers a better deal.""","""I appreciate your feedback. What aspects of their offer are most important to you?"""
"""I need to think about it.""","""Absolutely, take your time. What specific concerns or questions can I help address to aid your decision?"""
"""I don't have the time to deal with this.""","""I can appreciate your busy schedule. Would a brief 10-minute call later work better for you?"""
"""I’ve tried something similar before, and it didn’t work.""","""I’m sorry to hear that. What didn’t work last time, and how do you think we could make it different?"""
"""I don’t understand how this works.""","""I’d be happy to explain further. What part would you like more clarification on?"""
"""I need approval from my boss/partner.""","""Of course, I understand. What would you need from me to help you present this to them?"""
"""It’s too expensive.""","""I understand the concern. Would it help if we could show you how the value of our product offsets the cost?"""
"""We’re happy with our current solution.""","""That’s great! What’s working well with your current solution? Maybe we can offer something that complements it."""
"""I don’t trust new products.""","""I understand your hesitation. What would make you feel more confident in trying something new?"""
"""I’ve never heard of your company before.""","""I understand. Let me provide you with some information on how we’ve helped similar businesses in your industry."""
"""I can’t make a decision without more information.""","""Of course. What specific details do you need to feel more confident in your decision?"""
"""Your product is too complicated.""","""I understand the concern. Our team is here to support you and can provide training to make the transition smooth."""
"""We don’t need this right now.""","""I get it. What challenges are you currently facing that we might be able to address in the future?"""
"""I don't like the terms and conditions.""","""I see, thank you for bringing that up. Can you tell me what specifically concerns you about the terms?"""
"""I'm already under contract with another company.""","""That’s understandable. When is your contract up for renewal? We can schedule a time to talk about it."""
"""I don’t believe it will make a difference.""","""I see where you're coming from. If you could see one key benefit of our product, would that help in your decision?"""
"""I don’t see the ROI.""","""Let’s take a look at the potential return on investment based on your current situation. It might surprise you."""
"""We’ve had bad experiences with similar products.""","""I’m sorry to hear that. Let’s discuss what went wrong last time and see how we can ensure a better experience."""
"""The setup process looks too complicated.""","""I understand. Our team provides full support to make the setup process as smooth and simple as possible."""
"""I don't see the need for this.""","""I understand. Can you share a bit about your current challenges? We may be able to help in ways you hadn't considered."""
"""Your product doesn’t offer enough features.""","""I understand. What specific features are you looking for? Maybe we have something in our product line that would suit your needs."""
"""I’m not sure your product is the right fit.""","""I see. What are your key goals, and let's see if we can align them with the solutions we offer?"""
"""I’ve had bad customer service in the past.""","""I'm truly sorry about that. How can we assure you of a better experience moving forward?"""
"""I don’t have the capacity to integrate this into our workflow.""","""I understand that concern. Our team can assist with integration, and we also offer training to ensure it’s easy for your team."""
"""I’m waiting for a promotion or discount.""","""I can see how that would be important. Let’s see if there’s any special offer available right now."""
"""I’m not the decision-maker.""","""Thanks for letting me know. Who is the best person to speak to, and can I help you provide information for them?"""
"""I don’t need that many features.""","""That’s okay! We offer options to customize based on what you truly need. Let’s find the right fit."""
"""I’m not sure this is secure.""","""I completely understand. We’ve taken extensive measures to ensure our product is secure and reliable."""
"""I don’t have the authority to make a decision.""","""Understood. Can you share what factors you think will be important for the decision-maker?"""
"""I don't want to commit to a long-term contract.""","""I understand. We offer flexible plans that don’t require long-term commitments. Would that be more comfortable?"""
"""I don’t think I need support after the purchase.""","""I see. While our product is user-friendly, our support team is available should you need assistance at any time."""
"""Your product seems too new.""","""I understand the concern. Our product has already helped other companies in similar industries."""
"""I’m not ready to switch yet.""","""I get that. What might help you feel more comfortable when you are ready to make a change?"""
"""I don’t see how this will improve efficiency.""","""Let’s walk through how our solution can help streamline your processes and save time."""
"""I’ve had issues with your customer service before.""","""I apologize for the inconvenience. I’d like to ensure your experience is better this time. How can I help?"""
"""I don’t want to sign up for a subscription.""","""I understand. We offer one-time payment options as well. Would that be of interest to you?"""
"""I don’t have the resources for this right now.""","""I see. What if we help you implement this with minimal resources on your end, and provide full support?"""
"""Your product doesn’t integrate with our systems.""","""Thanks for pointing that out. Let’s explore what integrations we can offer or how we can help you with a custom solution."""
"""I don't see how this fits into our current strategy.""","""Let’s take a look at your strategy and see how our product can support or enhance your objectives."""
"""I’m not sure if I’m the right person to make this decision.""","""No problem! Can you point me in the direction of the person responsible for this decision?"""
"""I don’t think your product is mature enough.""","""I understand. We’ve made significant improvements, and I’d love to show you how our product has evolved."""
"""I need to consult with my team.""","""Of course, it’s important to have everyone on board. Would you like me to provide any materials for your team?"""
"""I don't see the added value.""","""Let’s go over the specific ways this can add value to your business. How do you measure value in similar solutions?"""
"""I’ve already made my decision.""","""I understand. Could you let me know what influenced your decision? Maybe I can provide additional insight."""
"""This isn’t a priority for us right now.""","""I understand. When would be a better time to discuss this when priorities shift?"""
"""I’m not sure this will work for my specific industry.""","""I see. We’ve worked with companies in your industry before. Let me show you some examples of how we’ve helped."""
"""We don’t have the manpower to implement this.""","""I understand. Our team provides full onboarding and support to ensure a smooth transition with minimal effort on your part."""
